{
  "epoch": 4,
  "original": {
    "min": 0.0,
    "max": 1.0,
    "mean": 0.17825788259506226,
    "std": 0.1477237194776535,
    "p0.5": 0.00019778481510002166,
    "p1.0": 0.007318038027733564,
    "p5.0": 0.03342563286423683,
    "p50.0": 0.13844937086105347,
    "p95.0": 0.49268195033073425,
    "p99.0": 0.7339794039726257,
    "p99.5": 0.7995103597640991
  },
  "degraded": {
    "min": 0.058544304221868515,
    "max": 1.0,
    "mean": 0.2848043143749237,
    "std": 0.19513283669948578,
    "p0.5": 0.08109176903963089,
    "p1.0": 0.08504746854305267,
    "p5.0": 0.10304588824510574,
    "p50.0": 0.21044303476810455,
    "p95.0": 0.7120253443717957,
    "p99.0": 0.9725682139396667,
    "p99.5": 1.0
  }
}