{
  "epoch": 23,
  "original": {
    "min": 0.0,
    "max": 1.0,
    "mean": 0.18651403486728668,
    "std": 0.18304847180843353,
    "p0.5": 0.011669304221868515,
    "p1.0": 0.015031646005809307,
    "p5.0": 0.027492089197039604,
    "p50.0": 0.12064873427152634,
    "p95.0": 0.5929588675498962,
    "p99.0": 0.8761179447174072,
    "p99.5": 0.9775645136833191
  },
  "degraded": {
    "min": 0.05537974834442139,
    "max": 0.9677610993385315,
    "mean": 0.2009022831916809,
    "std": 0.09345130622386932,
    "p0.5": 0.07575158029794693,
    "p1.0": 0.0801028460264206,
    "p5.0": 0.09988132864236832,
    "p50.0": 0.18473100662231445,
    "p95.0": 0.36965981125831604,
    "p99.0": 0.5323679447174072,
    "p99.5": 0.6481408476829529
  }
}