{
  "epoch": 72,
  "original": {
    "min": 0.019778480753302574,
    "max": 1.0,
    "mean": 0.2669237554073334,
    "std": 0.2314305603504181,
    "p0.5": 0.0458860769867897,
    "p1.0": 0.05102848261594772,
    "p5.0": 0.06882911175489426,
    "p50.0": 0.17820411920547485,
    "p95.0": 0.8393987417221069,
    "p99.0": 1.0,
    "p99.5": 1.0
  },
  "degraded": {
    "min": 0.0901898741722107,
    "max": 1.0,
    "mean": 0.29464322328567505,
    "std": 0.1101197823882103,
    "p0.5": 0.12737341225147247,
    "p1.0": 0.13390031456947327,
    "p5.0": 0.16594146192073822,
    "p50.0": 0.26997625827789307,
    "p95.0": 0.5114715099334717,
    "p99.0": 0.6831487417221069,
    "p99.5": 0.7633102536201477
  }
}