{
  "epoch": 36,
  "original": {
    "min": 0.0,
    "max": 1.0,
    "mean": 0.13984453678131104,
    "std": 0.139570415019989,
    "p0.5": 0.009295886382460594,
    "p1.0": 0.01325158216059208,
    "p5.0": 0.02590980939567089,
    "p50.0": 0.09790348261594772,
    "p95.0": 0.3815268874168396,
    "p99.0": 0.8273941278457642,
    "p99.5": 1.0
  },
  "degraded": {
    "min": 0.05537974834442139,
    "max": 0.7282436490058899,
    "mean": 0.2021319568157196,
    "std": 0.08636633306741714,
    "p0.5": 0.0761471539735794,
    "p1.0": 0.08089398592710495,
    "p5.0": 0.10324367135763168,
    "p50.0": 0.18374209105968475,
    "p95.0": 0.3609572649002075,
    "p99.0": 0.4616297483444214,
    "p99.5": 0.5065910220146179
  }
}