{
  "epoch": 6,
  "original": {
    "min": 0.0,
    "max": 0.657436728477478,
    "mean": 0.0751272514462471,
    "std": 0.06313934922218323,
    "p0.5": 0.0,
    "p1.0": 0.0,
    "p5.0": 0.007120253052562475,
    "p50.0": 0.05913765728473663,
    "p95.0": 0.2011471539735794,
    "p99.0": 0.30175086855888367,
    "p99.5": 0.3397943079471588
  },
  "degraded": {
    "min": 0.03105221502482891,
    "max": 0.41000792384147644,
    "mean": 0.12699666619300842,
    "std": 0.04302998632192612,
    "p0.5": 0.04944620281457901,
    "p1.0": 0.05419303849339485,
    "p5.0": 0.06779074668884277,
    "p50.0": 0.1204509511590004,
    "p95.0": 0.20648734271526337,
    "p99.0": 0.26582279801368713,
    "p99.5": 0.2883702516555786
  }
}