{
  "epoch": 21,
  "original": {
    "min": 0.0,
    "max": 0.6226266026496887,
    "mean": 0.12901656329631805,
    "std": 0.08230149000883102,
    "p0.5": 0.01424050610512495,
    "p1.0": 0.01799841783940792,
    "p5.0": 0.03303006291389465,
    "p50.0": 0.10977056622505188,
    "p95.0": 0.28955695033073425,
    "p99.0": 0.4116504490375519,
    "p99.5": 0.45279356837272644
  },
  "degraded": {
    "min": 0.04410601407289505,
    "max": 1.0,
    "mean": 0.2502160966396332,
    "std": 0.15221007168293,
    "p0.5": 0.07337816804647446,
    "p1.0": 0.07871835678815842,
    "p5.0": 0.0973101258277893,
    "p50.0": 0.2066851258277893,
    "p95.0": 0.5672468543052673,
    "p99.0": 0.7266613841056824,
    "p99.5": 0.8014881610870361
  }
}