{
  "epoch": 90,
  "original": {
    "min": 0.0,
    "max": 0.6439873576164246,
    "mean": 0.08994514495134354,
    "std": 0.07780064642429352,
    "p0.5": 0.0,
    "p1.0": 0.0,
    "p5.0": 0.0037579115014523268,
    "p50.0": 0.06942246854305267,
    "p95.0": 0.23931962251663208,
    "p99.0": 0.34948575496673584,
    "p99.5": 0.421281635761261
  },
  "degraded": {
    "min": 0.024129746481776237,
    "max": 0.4297863841056824,
    "mean": 0.13154345750808716,
    "std": 0.04106055200099945,
    "p0.5": 0.04766613990068436,
    "p1.0": 0.053401898592710495,
    "p5.0": 0.07416930049657822,
    "p50.0": 0.12480221688747406,
    "p95.0": 0.20826740562915802,
    "p99.0": 0.26127374172210693,
    "p99.5": 0.290941447019577
  }
}