{
  "epoch": 80,
  "original": {
    "min": 0.010878164321184158,
    "max": 1.0,
    "mean": 0.159146249294281,
    "std": 0.11990818381309509,
    "p0.5": 0.03303006291389465,
    "p1.0": 0.0367879755795002,
    "p5.0": 0.04944620281457901,
    "p50.0": 0.12678006291389465,
    "p95.0": 0.3740110695362091,
    "p99.0": 0.6637658476829529,
    "p99.5": 0.8372818231582642
  },
  "degraded": {
    "min": 0.03599683567881584,
    "max": 1.0,
    "mean": 0.2235518991947174,
    "std": 0.14655478298664093,
    "p0.5": 0.05261075869202614,
    "p1.0": 0.05656645447015762,
    "p5.0": 0.06981803476810455,
    "p50.0": 0.18235759437084198,
    "p95.0": 0.5377768874168396,
    "p99.0": 0.7097808718681335,
    "p99.5": 0.7805230021476746
  }
}