{
  "epoch": 43,
  "original": {
    "min": 0.0,
    "max": 1.0,
    "mean": 0.1632721722126007,
    "std": 0.15612585842609406,
    "p0.5": 0.010087025351822376,
    "p1.0": 0.01443829108029604,
    "p5.0": 0.030656645074486732,
    "p50.0": 0.10799050331115723,
    "p95.0": 0.5029667615890503,
    "p99.0": 0.7434731125831604,
    "p99.5": 0.8758444786071777
  },
  "degraded": {
    "min": 0.03540348261594772,
    "max": 0.6695016026496887,
    "mean": 0.1762842983007431,
    "std": 0.08536483347415924,
    "p0.5": 0.05755538120865822,
    "p1.0": 0.0615110769867897,
    "p5.0": 0.0745648741722107,
    "p50.0": 0.1637658178806305,
    "p95.0": 0.3407832384109497,
    "p99.0": 0.4475182592868805,
    "p99.5": 0.47606804966926575
  }
}