{
  "epoch": 77,
  "original": {
    "min": 0.0,
    "max": 0.5971123576164246,
    "mean": 0.09135311841964722,
    "std": 0.07559860497713089,
    "p0.5": 0.0,
    "p1.0": 0.0,
    "p5.0": 0.011471519246697426,
    "p50.0": 0.07060917466878891,
    "p95.0": 0.25375792384147644,
    "p99.0": 0.3587128818035126,
    "p99.5": 0.3976115882396698
  },
  "degraded": {
    "min": 0.03401898592710495,
    "max": 0.605617105960846,
    "mean": 0.1706285923719406,
    "std": 0.07672621309757233,
    "p0.5": 0.06428006291389465,
    "p1.0": 0.06823576241731644,
    "p5.0": 0.08306962251663208,
    "p50.0": 0.14893196523189545,
    "p95.0": 0.3089398741722107,
    "p99.0": 0.41448819637298584,
    "p99.5": 0.46598100662231445
  }
}