{
  "epoch": 22,
  "original": {
    "min": 0.007120253052562475,
    "max": 1.0,
    "mean": 0.2050824910402298,
    "std": 0.18098635971546173,
    "p0.5": 0.027887659147381783,
    "p1.0": 0.03322784975171089,
    "p5.0": 0.0524129755795002,
    "p50.0": 0.14556962251663208,
    "p95.0": 0.6052215099334717,
    "p99.0": 0.9529874920845032,
    "p99.5": 1.0
  },
  "degraded": {
    "min": 0.11550632864236832,
    "max": 1.0,
    "mean": 0.3785995841026306,
    "std": 0.1997894048690796,
    "p0.5": 0.14299841225147247,
    "p1.0": 0.1487341821193695,
    "p5.0": 0.1683148741722107,
    "p50.0": 0.30518195033073425,
    "p95.0": 0.7723496556282043,
    "p99.0": 0.9647942781448364,
    "p99.5": 1.0
  }
}