{
  "epoch": 50,
  "original": {
    "min": 0.0,
    "max": 0.9438291192054749,
    "mean": 0.07028024643659592,
    "std": 0.05628400668501854,
    "p0.5": 0.0,
    "p1.0": 0.0025712025817483664,
    "p5.0": 0.012262658216059208,
    "p50.0": 0.055973101407289505,
    "p95.0": 0.1774129718542099,
    "p99.0": 0.25632911920547485,
    "p99.5": 0.2929193079471588
  },
  "degraded": {
    "min": 0.0423259511590004,
    "max": 0.5361946225166321,
    "mean": 0.15760035812854767,
    "std": 0.06193983182311058,
    "p0.5": 0.06566455960273743,
    "p1.0": 0.07100474834442139,
    "p5.0": 0.08425632864236832,
    "p50.0": 0.14181171357631683,
    "p95.0": 0.2802610695362091,
    "p99.0": 0.34506574273109436,
    "p99.5": 0.37223100662231445
  }
}