{
  "epoch": 68,
  "original": {
    "min": 0.0,
    "max": 1.0,
    "mean": 0.20447617769241333,
    "std": 0.177669495344162,
    "p0.5": 0.0045490507036447525,
    "p1.0": 0.008573966100811958,
    "p5.0": 0.027096519246697426,
    "p50.0": 0.15446993708610535,
    "p95.0": 0.5676918625831604,
    "p99.0": 0.9229242205619812,
    "p99.5": 1.0
  },
  "degraded": {
    "min": 0.05478639155626297,
    "max": 1.0,
    "mean": 0.3416560888290405,
    "std": 0.2247639000415802,
    "p0.5": 0.07568729668855667,
    "p1.0": 0.0791139230132103,
    "p5.0": 0.09750790894031525,
    "p50.0": 0.274624228477478,
    "p95.0": 0.7690367698669434,
    "p99.0": 0.9802129864692688,
    "p99.5": 1.0
  }
}