{
  "epoch": 70,
  "original": {
    "min": 0.0,
    "max": 0.7952927350997925,
    "mean": 0.09854862838983536,
    "std": 0.06949466466903687,
    "p0.5": 0.0,
    "p1.0": 0.0005933544016443193,
    "p5.0": 0.013449367135763168,
    "p50.0": 0.08326740562915802,
    "p95.0": 0.23121044039726257,
    "p99.0": 0.3202136158943176,
    "p99.5": 0.36141157150268555
  },
  "degraded": {
    "min": 0.024129746481776237,
    "max": 1.0,
    "mean": 0.23013702034950256,
    "std": 0.14643298089504242,
    "p0.5": 0.045490507036447525,
    "p1.0": 0.05023734271526337,
    "p5.0": 0.06645569950342178,
    "p50.0": 0.20905853807926178,
    "p95.0": 0.49782437086105347,
    "p99.0": 0.6664659976959229,
    "p99.5": 0.7992483973503113
  }
}