{
  "epoch": 63,
  "original": {
    "min": 0.0,
    "max": 1.0,
    "mean": 0.17009976506233215,
    "std": 0.1560395509004593,
    "p0.5": 0.01068037934601307,
    "p1.0": 0.01424050610512495,
    "p5.0": 0.02650316432118416,
    "p50.0": 0.11728639155626297,
    "p95.0": 0.4729529321193695,
    "p99.0": 0.7459754943847656,
    "p99.5": 0.8724287748336792
  },
  "degraded": {
    "min": 0.05102848261594772,
    "max": 0.5702136158943176,
    "mean": 0.1800839900970459,
    "std": 0.07553330063819885,
    "p0.5": 0.0725870281457901,
    "p1.0": 0.0761471539735794,
    "p5.0": 0.08900316804647446,
    "p50.0": 0.1588211953639984,
    "p95.0": 0.3251582384109497,
    "p99.0": 0.38284263014793396,
    "p99.5": 0.4017009437084198
  }
}