{
  "epoch": 94,
  "original": {
    "min": 0.0,
    "max": 1.0,
    "mean": 0.14805090427398682,
    "std": 0.15499216318130493,
    "p0.5": 0.0021756328642368317,
    "p1.0": 0.005735759623348713,
    "p5.0": 0.019185125827789307,
    "p50.0": 0.09711234271526337,
    "p95.0": 0.4662282466888428,
    "p99.0": 0.8303608894348145,
    "p99.5": 0.9446843862533569
  },
  "degraded": {
    "min": 0.04469936713576317,
    "max": 1.0,
    "mean": 0.17014653980731964,
    "std": 0.07253745943307877,
    "p0.5": 0.06480913609266281,
    "p1.0": 0.06843354552984238,
    "p5.0": 0.08148734271526337,
    "p50.0": 0.16119462251663208,
    "p95.0": 0.28698575496673584,
    "p99.0": 0.38284263014793396,
    "p99.5": 0.43815749883651733
  }
}