{
  "epoch": 15,
  "original": {
    "min": 0.0,
    "max": 1.0,
    "mean": 0.16584879159927368,
    "std": 0.13526438176631927,
    "p0.5": 0.008900316432118416,
    "p1.0": 0.01305379718542099,
    "p5.0": 0.027294304221868515,
    "p50.0": 0.1230221539735794,
    "p95.0": 0.4456091821193695,
    "p99.0": 0.5868275165557861,
    "p99.5": 0.6658077836036682
  },
  "degraded": {
    "min": 0.07021360844373703,
    "max": 1.0,
    "mean": 0.30815389752388,
    "std": 0.15496531128883362,
    "p0.5": 0.09216772019863129,
    "p1.0": 0.0973101258277893,
    "p5.0": 0.12282436341047287,
    "p50.0": 0.28362342715263367,
    "p95.0": 0.6112045049667358,
    "p99.0": 0.8221914768218994,
    "p99.5": 0.9174487590789795
  }
}