{
  "epoch": 20,
  "original": {
    "min": 0.0,
    "max": 1.0,
    "mean": 0.11356166005134583,
    "std": 0.10856550186872482,
    "p0.5": 0.0,
    "p1.0": 0.0,
    "p5.0": 0.006131329108029604,
    "p50.0": 0.08386076241731644,
    "p95.0": 0.2887658178806305,
    "p99.0": 0.5508221983909607,
    "p99.5": 0.7165743708610535
  },
  "degraded": {
    "min": 0.024129746481776237,
    "max": 0.779469907283783,
    "mean": 0.1741461157798767,
    "std": 0.07208970189094543,
    "p0.5": 0.04766613990068436,
    "p1.0": 0.053401898592710495,
    "p5.0": 0.07575158029794693,
    "p50.0": 0.1653480976819992,
    "p95.0": 0.2919303774833679,
    "p99.0": 0.37875792384147644,
    "p99.5": 0.4491693079471588
  }
}