{
  "epoch": 59,
  "original": {
    "min": 0.0,
    "max": 1.0,
    "mean": 0.10243518650531769,
    "std": 0.09834633767604828,
    "p0.5": 0.0031645570416003466,
    "p1.0": 0.005735759623348713,
    "p5.0": 0.01602056995034218,
    "p50.0": 0.06962025165557861,
    "p95.0": 0.30775317549705505,
    "p99.0": 0.4752768874168396,
    "p99.5": 0.5452927350997925
  },
  "degraded": {
    "min": 0.037579115480184555,
    "max": 0.9066455960273743,
    "mean": 0.17122295498847961,
    "std": 0.0826156735420227,
    "p0.5": 0.05749109759926796,
    "p1.0": 0.0615110769867897,
    "p5.0": 0.07535601407289505,
    "p50.0": 0.14695411920547485,
    "p95.0": 0.32337817549705505,
    "p99.0": 0.39530307054519653,
    "p99.5": 0.42977556586265564
  }
}