{
  "epoch": 41,
  "original": {
    "min": 0.0,
    "max": 1.0,
    "mean": 0.21358320116996765,
    "std": 0.18867197632789612,
    "p0.5": 0.01424050610512495,
    "p1.0": 0.0183939877897501,
    "p5.0": 0.0357990488409996,
    "p50.0": 0.15901899337768555,
    "p95.0": 0.6207476258277893,
    "p99.0": 1.0,
    "p99.5": 1.0
  },
  "degraded": {
    "min": 0.06685126572847366,
    "max": 0.7369462251663208,
    "mean": 0.20935602486133575,
    "std": 0.07946714758872986,
    "p0.5": 0.09612341970205307,
    "p1.0": 0.10146360844373703,
    "p5.0": 0.11748417466878891,
    "p50.0": 0.19343353807926178,
    "p95.0": 0.3589794337749481,
    "p99.0": 0.5079113841056824,
    "p99.5": 0.5588062405586243
  }
}