{
  "epoch": 44,
  "original": {
    "min": 0.0,
    "max": 1.0,
    "mean": 0.20657621324062347,
    "std": 0.22918273508548737,
    "p0.5": 0.01582278497517109,
    "p1.0": 0.019382910802960396,
    "p5.0": 0.03164556995034218,
    "p50.0": 0.10423259437084198,
    "p95.0": 0.7569719552993774,
    "p99.0": 1.0,
    "p99.5": 1.0
  },
  "degraded": {
    "min": 0.05280854552984238,
    "max": 1.0,
    "mean": 0.23804178833961487,
    "std": 0.15623563528060913,
    "p0.5": 0.07950949668884277,
    "p1.0": 0.08504746854305267,
    "p5.0": 0.09968354552984238,
    "p50.0": 0.1865110695362091,
    "p95.0": 0.5609177350997925,
    "p99.0": 0.8346518874168396,
    "p99.5": 0.9732990264892578
  }
}