{
  "epoch": 66,
  "original": {
    "min": 0.0,
    "max": 0.8538370132446289,
    "mean": 0.13703598082065582,
    "std": 0.10830815136432648,
    "p0.5": 0.0,
    "p1.0": 0.004351265728473663,
    "p5.0": 0.0211629755795002,
    "p50.0": 0.10640823096036911,
    "p95.0": 0.35363924503326416,
    "p99.0": 0.5116692781448364,
    "p99.5": 0.6011962890625
  },
  "degraded": {
    "min": 0.04173259437084198,
    "max": 1.0,
    "mean": 0.2331295758485794,
    "std": 0.14624325931072235,
    "p0.5": 0.06467563658952713,
    "p1.0": 0.06942246854305267,
    "p5.0": 0.09236550331115723,
    "p50.0": 0.17681962251663208,
    "p95.0": 0.535007894039154,
    "p99.0": 0.6929004788398743,
    "p99.5": 0.7899525165557861
  }
}