{
  "epoch": 56,
  "original": {
    "min": 0.0,
    "max": 1.0,
    "mean": 0.20941577851772308,
    "std": 0.21948674321174622,
    "p0.5": 0.016218354925513268,
    "p1.0": 0.019976265728473663,
    "p5.0": 0.03362341597676277,
    "p50.0": 0.12341772019863129,
    "p95.0": 0.7369956970214844,
    "p99.0": 1.0,
    "p99.5": 1.0
  },
  "degraded": {
    "min": 0.061115507036447525,
    "max": 1.0,
    "mean": 0.2720736265182495,
    "std": 0.2084498405456543,
    "p0.5": 0.09012559056282043,
    "p1.0": 0.09513449668884277,
    "p5.0": 0.11115506291389465,
    "p50.0": 0.1793908178806305,
    "p95.0": 0.7433247566223145,
    "p99.0": 1.0,
    "p99.5": 1.0
  }
}