{
  "epoch": 69,
  "original": {
    "min": 0.0,
    "max": 1.0,
    "mean": 0.13584403693675995,
    "std": 0.1342800259590149,
    "p0.5": 0.006724683567881584,
    "p1.0": 0.009889240376651287,
    "p5.0": 0.022151898592710495,
    "p50.0": 0.09098101407289505,
    "p95.0": 0.3975474536418915,
    "p99.0": 0.6807753443717957,
    "p99.5": 0.8443379402160645
  },
  "degraded": {
    "min": 0.03995253145694733,
    "max": 1.0,
    "mean": 0.14929912984371185,
    "std": 0.06238095089793205,
    "p0.5": 0.07001582533121109,
    "p1.0": 0.07443630695343018,
    "p5.0": 0.08761867135763168,
    "p50.0": 0.1376582235097885,
    "p95.0": 0.2418908178806305,
    "p99.0": 0.40044549107551575,
    "p99.5": 0.45226430892944336
  }
}