{
  "epoch": 38,
  "original": {
    "min": 0.001384493662044406,
    "max": 0.8690664768218994,
    "mean": 0.17578557133674622,
    "std": 0.12165313959121704,
    "p0.5": 0.021558543667197227,
    "p1.0": 0.02650316432118416,
    "p5.0": 0.04410601407289505,
    "p50.0": 0.14141613245010376,
    "p95.0": 0.4322092533111572,
    "p99.0": 0.5898545980453491,
    "p99.5": 0.6479430198669434
  },
  "degraded": {
    "min": 0.03599683567881584,
    "max": 1.0,
    "mean": 0.21109607815742493,
    "std": 0.18304882943630219,
    "p0.5": 0.05261075869202614,
    "p1.0": 0.05656645447015762,
    "p5.0": 0.06962025165557861,
    "p50.0": 0.1295490562915802,
    "p95.0": 0.6190664768218994,
    "p99.0": 0.8589022159576416,
    "p99.5": 0.9604376554489136
  }
}