{
  "epoch": 27,
  "original": {
    "min": 0.0,
    "max": 1.0,
    "mean": 0.19163474440574646,
    "std": 0.19928714632987976,
    "p0.5": 0.0015822785208001733,
    "p1.0": 0.006329114083200693,
    "p5.0": 0.024525316432118416,
    "p50.0": 0.11827531456947327,
    "p95.0": 0.6446301937103271,
    "p99.0": 0.9936020970344543,
    "p99.5": 1.0
  },
  "degraded": {
    "min": 0.02650316432118416,
    "max": 1.0,
    "mean": 0.26371848583221436,
    "std": 0.2008005678653717,
    "p0.5": 0.05122626572847366,
    "p1.0": 0.055775318294763565,
    "p5.0": 0.07100474834442139,
    "p50.0": 0.18571993708610535,
    "p95.0": 0.7086629867553711,
    "p99.0": 0.9748125672340393,
    "p99.5": 1.0
  }
}