{
  "epoch": 13,
  "original": {
    "min": 0.0,
    "max": 0.5249208807945251,
    "mean": 0.09668069332838058,
    "std": 0.07365010678768158,
    "p0.5": 0.0,
    "p1.0": 0.0,
    "p5.0": 0.012658228166401386,
    "p50.0": 0.07832278311252594,
    "p95.0": 0.24208860099315643,
    "p99.0": 0.3486946225166321,
    "p99.5": 0.38390031456947327
  },
  "degraded": {
    "min": 0.03639240562915802,
    "max": 1.0,
    "mean": 0.2334747165441513,
    "std": 0.1434098333120346,
    "p0.5": 0.06052215024828911,
    "p1.0": 0.0644778460264206,
    "p5.0": 0.07931170612573624,
    "p50.0": 0.18967562913894653,
    "p95.0": 0.5114715099334717,
    "p99.0": 0.656972348690033,
    "p99.5": 0.7182849049568176
  }
}