{
  "epoch": 93,
  "original": {
    "min": 0.0,
    "max": 0.4642009437084198,
    "mean": 0.07849399745464325,
    "std": 0.06333291530609131,
    "p0.5": 0.000988924060948193,
    "p1.0": 0.003955696243792772,
    "p5.0": 0.013844937086105347,
    "p50.0": 0.06032436713576317,
    "p95.0": 0.2147943079471588,
    "p99.0": 0.29957523941993713,
    "p99.5": 0.32891613245010376
  },
  "degraded": {
    "min": 0.04252373427152634,
    "max": 0.7683939933776855,
    "mean": 0.1731283962726593,
    "std": 0.07463555037975311,
    "p0.5": 0.07515823096036911,
    "p1.0": 0.07990506291389465,
    "p5.0": 0.09612341970205307,
    "p50.0": 0.15090981125831604,
    "p95.0": 0.3200158178806305,
    "p99.0": 0.4388844966888428,
    "p99.5": 0.47197869420051575
  }
}