{
  "epoch": 96,
  "original": {
    "min": 0.0,
    "max": 0.8623417615890503,
    "mean": 0.11898724734783173,
    "std": 0.09246021509170532,
    "p0.5": 0.0,
    "p1.0": 0.0031645570416003466,
    "p5.0": 0.019185125827789307,
    "p50.0": 0.09948576241731644,
    "p95.0": 0.2907436788082123,
    "p99.0": 0.44778481125831604,
    "p99.5": 0.5170094966888428
  },
  "degraded": {
    "min": 0.04608386009931564,
    "max": 0.952531635761261,
    "mean": 0.20102998614311218,
    "std": 0.10137954354286194,
    "p0.5": 0.07298259437084198,
    "p1.0": 0.07832278311252594,
    "p5.0": 0.09750790894031525,
    "p50.0": 0.1758306920528412,
    "p95.0": 0.4028876721858978,
    "p99.0": 0.6104929447174072,
    "p99.5": 0.6607990264892578
  }
}