{
  "epoch": 26,
  "original": {
    "min": 0.0,
    "max": 0.8690664768218994,
    "mean": 0.13313044607639313,
    "std": 0.11603115499019623,
    "p0.5": 0.011273734271526337,
    "p1.0": 0.014833861030638218,
    "p5.0": 0.027689874172210693,
    "p50.0": 0.09750790894031525,
    "p95.0": 0.3876582384109497,
    "p99.0": 0.583791971206665,
    "p99.5": 0.6474137902259827
  },
  "degraded": {
    "min": 0.04390822723507881,
    "max": 1.0,
    "mean": 0.22530323266983032,
    "std": 0.17723411321640015,
    "p0.5": 0.06382021307945251,
    "p1.0": 0.06784018874168396,
    "p5.0": 0.08089398592710495,
    "p50.0": 0.15209652483463287,
    "p95.0": 0.6190664768218994,
    "p99.0": 0.8589022159576416,
    "p99.5": 0.9604376554489136
  }
}