{
  "epoch": 61,
  "original": {
    "min": 0.0,
    "max": 1.0,
    "mean": 0.21462640166282654,
    "std": 0.19142912328243256,
    "p0.5": 0.005340189673006535,
    "p1.0": 0.009098101407289505,
    "p5.0": 0.025118671357631683,
    "p50.0": 0.15249209105968475,
    "p95.0": 0.6226266026496887,
    "p99.0": 0.9179192781448364,
    "p99.5": 1.0
  },
  "degraded": {
    "min": 0.05023734271526337,
    "max": 1.0,
    "mean": 0.26390910148620605,
    "std": 0.17666208744049072,
    "p0.5": 0.07575158029794693,
    "p1.0": 0.0791139230132103,
    "p5.0": 0.09434335678815842,
    "p50.0": 0.2051028460264206,
    "p95.0": 0.6515031456947327,
    "p99.0": 0.9054588675498962,
    "p99.5": 0.9893837571144104
  }
}