{
  "epoch": 97,
  "original": {
    "min": 0.0,
    "max": 1.0,
    "mean": 0.16020143032073975,
    "std": 0.15506131947040558,
    "p0.5": 0.009493670426309109,
    "p1.0": 0.014042721129953861,
    "p5.0": 0.03184335306286812,
    "p50.0": 0.11115506291389465,
    "p95.0": 0.47053006291389465,
    "p99.0": 0.8852159976959229,
    "p99.5": 1.0
  },
  "degraded": {
    "min": 0.040150318294763565,
    "max": 0.8627373576164246,
    "mean": 0.17953267693519592,
    "std": 0.07413099706172943,
    "p0.5": 0.0625,
    "p1.0": 0.0670490488409996,
    "p5.0": 0.08638251572847366,
    "p50.0": 0.17227056622505188,
    "p95.0": 0.29568830132484436,
    "p99.0": 0.45898979902267456,
    "p99.5": 0.570277750492096
  }
}