{
  "epoch": 5,
  "original": {
    "min": 0.0,
    "max": 0.875593364238739,
    "mean": 0.11852018535137177,
    "std": 0.0874636098742485,
    "p0.5": 0.005735759623348713,
    "p1.0": 0.009295886382460594,
    "p5.0": 0.02393196150660515,
    "p50.0": 0.09691455960273743,
    "p95.0": 0.2883702516555786,
    "p99.0": 0.41112586855888367,
    "p99.5": 0.4678252041339874
  },
  "degraded": {
    "min": 0.053401898592710495,
    "max": 0.779469907283783,
    "mean": 0.17319774627685547,
    "std": 0.0721622109413147,
    "p0.5": 0.07871835678815842,
    "p1.0": 0.08208069950342178,
    "p5.0": 0.09375,
    "p50.0": 0.15051424503326416,
    "p95.0": 0.3079509437084198,
    "p99.0": 0.38224929571151733,
    "p99.5": 0.4220673739910126
  }
}