{
  "epoch": 2,
  "original": {
    "min": 0.0,
    "max": 1.0,
    "mean": 0.12801583111286163,
    "std": 0.15188319981098175,
    "p0.5": 0.0,
    "p1.0": 0.0,
    "p5.0": 0.006922468543052673,
    "p50.0": 0.07337816804647446,
    "p95.0": 0.453718364238739,
    "p99.0": 0.7306773662567139,
    "p99.5": 0.8177011013031006
  },
  "degraded": {
    "min": 0.03401898592710495,
    "max": 0.5733781456947327,
    "mean": 0.15019196271896362,
    "std": 0.06558847427368164,
    "p0.5": 0.0625,
    "p1.0": 0.06645569950342178,
    "p5.0": 0.07753164321184158,
    "p50.0": 0.13231803476810455,
    "p95.0": 0.28560125827789307,
    "p99.0": 0.3625395596027374,
    "p99.5": 0.3991297483444214
  }
}