{
  "epoch": 79,
  "original": {
    "min": 0.0,
    "max": 1.0,
    "mean": 0.27417024970054626,
    "std": 0.21514496207237244,
    "p0.5": 0.024327531456947327,
    "p1.0": 0.02907436713576317,
    "p5.0": 0.04727056995034218,
    "p50.0": 0.2161788046360016,
    "p95.0": 0.7240902185440063,
    "p99.0": 1.0,
    "p99.5": 1.0
  },
  "degraded": {
    "min": 0.03560126572847366,
    "max": 1.0,
    "mean": 0.37165966629981995,
    "std": 0.24530723690986633,
    "p0.5": 0.05537974834442139,
    "p1.0": 0.06012658402323723,
    "p5.0": 0.07416930049657822,
    "p50.0": 0.3579905033111572,
    "p95.0": 0.8212025165557861,
    "p99.0": 1.0,
    "p99.5": 1.0
  }
}