{
  "epoch": 98,
  "original": {
    "min": 0.0,
    "max": 1.0,
    "mean": 0.1507619023323059,
    "std": 0.16839715838432312,
    "p0.5": 0.0,
    "p1.0": 0.0,
    "p5.0": 0.007318038027733564,
    "p50.0": 0.0947389230132103,
    "p95.0": 0.5009889006614685,
    "p99.0": 0.8289076089859009,
    "p99.5": 0.9208860993385315
  },
  "degraded": {
    "min": 0.024723101407289505,
    "max": 1.0,
    "mean": 0.2460903525352478,
    "std": 0.1887592375278473,
    "p0.5": 0.04885284975171089,
    "p1.0": 0.05379746854305267,
    "p5.0": 0.06863132864236832,
    "p50.0": 0.18275316059589386,
    "p95.0": 0.6517009735107422,
    "p99.0": 0.9054588675498962,
    "p99.5": 0.9893837571144104
  }
}