{
  "epoch": 99,
  "original": {
    "min": 0.0,
    "max": 1.0,
    "mean": 0.21234118938446045,
    "std": 0.18027494847774506,
    "p0.5": 0.007911392487585545,
    "p1.0": 0.01186708826571703,
    "p5.0": 0.02650316432118416,
    "p50.0": 0.15664556622505188,
    "p95.0": 0.5860363841056824,
    "p99.0": 0.8453925848007202,
    "p99.5": 0.9523338675498962
  },
  "degraded": {
    "min": 0.04173259437084198,
    "max": 1.0,
    "mean": 0.3185700476169586,
    "std": 0.19633029401302338,
    "p0.5": 0.06500691920518875,
    "p1.0": 0.07041139155626297,
    "p5.0": 0.0892009511590004,
    "p50.0": 0.2747231125831604,
    "p95.0": 0.7418908476829529,
    "p99.0": 0.9477159976959229,
    "p99.5": 1.0
  }
}