{
  "epoch": 14,
  "original": {
    "min": 0.0,
    "max": 1.0,
    "mean": 0.18073055148124695,
    "std": 0.16400498151779175,
    "p0.5": 0.0,
    "p1.0": 0.0,
    "p5.0": 0.010284810326993465,
    "p50.0": 0.13528481125831604,
    "p95.0": 0.5146360993385315,
    "p99.0": 0.7306773662567139,
    "p99.5": 0.8493521213531494
  },
  "degraded": {
    "min": 0.02037183567881584,
    "max": 0.6342958807945251,
    "mean": 0.13028773665428162,
    "std": 0.06018165126442909,
    "p0.5": 0.04608386009931564,
    "p1.0": 0.05043512582778931,
    "p5.0": 0.06388449668884277,
    "p50.0": 0.11333069950342178,
    "p95.0": 0.24782437086105347,
    "p99.0": 0.3277294337749481,
    "p99.5": 0.353441447019577
  }
}