{
  "epoch": 25,
  "original": {
    "min": 0.0,
    "max": 0.8214003443717957,
    "mean": 0.11901672929525375,
    "std": 0.10329125821590424,
    "p0.5": 0.0,
    "p1.0": 0.0003955696302000433,
    "p5.0": 0.012064873240888119,
    "p50.0": 0.08880537748336792,
    "p95.0": 0.3261471390724182,
    "p99.0": 0.4990110695362091,
    "p99.5": 0.5761471390724182
  },
  "degraded": {
    "min": 0.024129746481776237,
    "max": 0.5862341523170471,
    "mean": 0.1617220789194107,
    "std": 0.08521568775177002,
    "p0.5": 0.045490507036447525,
    "p1.0": 0.05023734271526337,
    "p5.0": 0.06546676903963089,
    "p50.0": 0.1315269023180008,
    "p95.0": 0.32140031456947327,
    "p99.0": 0.3951740562915802,
    "p99.5": 0.42919304966926575
  }
}