{
  "epoch": 62,
  "original": {
    "min": 0.0,
    "max": 0.6459652185440063,
    "mean": 0.08584926277399063,
    "std": 0.07340492308139801,
    "p0.5": 0.0011867088032886386,
    "p1.0": 0.0041534812189638615,
    "p5.0": 0.01424050610512495,
    "p50.0": 0.06329113990068436,
    "p95.0": 0.24569818377494812,
    "p99.0": 0.3502081334590912,
    "p99.5": 0.39273110032081604
  },
  "degraded": {
    "min": 0.05557753145694733,
    "max": 0.9066455960273743,
    "mean": 0.19163985550403595,
    "std": 0.08109896630048752,
    "p0.5": 0.07990506291389465,
    "p1.0": 0.08425632864236832,
    "p5.0": 0.10106803476810455,
    "p50.0": 0.17147943377494812,
    "p95.0": 0.3498813211917877,
    "p99.0": 0.46294549107551575,
    "p99.5": 0.49564874172210693
  }
}