{
  "epoch": 58,
  "original": {
    "min": 0.002768987324088812,
    "max": 0.9788370132446289,
    "mean": 0.15863610804080963,
    "std": 0.1220509335398674,
    "p0.5": 0.02393196150660515,
    "p1.0": 0.027294304221868515,
    "p5.0": 0.03975474834442139,
    "p50.0": 0.1194620281457901,
    "p95.0": 0.4238528609275818,
    "p99.0": 0.5907832384109497,
    "p99.5": 0.6711480021476746
  },
  "degraded": {
    "min": 0.08959651738405228,
    "max": 1.0,
    "mean": 0.2537440359592438,
    "std": 0.12552319467067719,
    "p0.5": 0.11333069950342178,
    "p1.0": 0.11787974834442139,
    "p5.0": 0.13568037748336792,
    "p50.0": 0.20955300331115723,
    "p95.0": 0.4829905033111572,
    "p99.0": 0.7538182139396667,
    "p99.5": 0.8576590418815613
  }
}