{
  "epoch": 92,
  "original": {
    "min": 0.0,
    "max": 1.0,
    "mean": 0.1393216848373413,
    "std": 0.1160455197095871,
    "p0.5": 0.007120253052562475,
    "p1.0": 0.013449367135763168,
    "p5.0": 0.02887658216059208,
    "p50.0": 0.10878164321184158,
    "p95.0": 0.3532436788082123,
    "p99.0": 0.6380537748336792,
    "p99.5": 0.7241543531417847
  },
  "degraded": {
    "min": 0.04707278311252594,
    "max": 0.46202531456947327,
    "mean": 0.15113532543182373,
    "std": 0.05146683007478714,
    "p0.5": 0.06467563658952713,
    "p1.0": 0.0680379718542099,
    "p5.0": 0.08188290894031525,
    "p50.0": 0.14200949668884277,
    "p95.0": 0.2414952516555786,
    "p99.0": 0.30214643478393555,
    "p99.5": 0.34493669867515564
  }
}