{
  "epoch": 60,
  "original": {
    "min": 0.0,
    "max": 1.0,
    "mean": 0.1428506225347519,
    "std": 0.13897128403186798,
    "p0.5": 0.0,
    "p1.0": 0.002373417606577277,
    "p5.0": 0.015229430049657822,
    "p50.0": 0.10858386009931564,
    "p95.0": 0.34454113245010376,
    "p99.0": 1.0,
    "p99.5": 1.0
  },
  "degraded": {
    "min": 0.04173259437084198,
    "max": 0.7442642450332642,
    "mean": 0.17697399854660034,
    "std": 0.06596355885267258,
    "p0.5": 0.06368670612573624,
    "p1.0": 0.06784018874168396,
    "p5.0": 0.08682753145694733,
    "p50.0": 0.16752372682094574,
    "p95.0": 0.2952927350997925,
    "p99.0": 0.37223100662231445,
    "p99.5": 0.40222474932670593
  }
}