{
  "epoch": 55,
  "original": {
    "min": 0.0,
    "max": 0.964992105960846,
    "mean": 0.11914706975221634,
    "std": 0.10260149091482162,
    "p0.5": 0.006724683567881584,
    "p1.0": 0.010087025351822376,
    "p5.0": 0.02393196150660515,
    "p50.0": 0.08959651738405228,
    "p95.0": 0.31922468543052673,
    "p99.0": 0.5449573993682861,
    "p99.5": 0.6324462890625
  },
  "degraded": {
    "min": 0.04272151738405228,
    "max": 0.6958069801330566,
    "mean": 0.22688338160514832,
    "std": 0.1064346432685852,
    "p0.5": 0.06744462251663208,
    "p1.0": 0.07140031456947327,
    "p5.0": 0.08504746854305267,
    "p50.0": 0.21103639900684357,
    "p95.0": 0.4052610695362091,
    "p99.0": 0.4882619380950928,
    "p99.5": 0.5367879867553711
  }
}