{
  "epoch": 88,
  "original": {
    "min": 0.0,
    "max": 1.0,
    "mean": 0.10702976584434509,
    "std": 0.1002034917473793,
    "p0.5": 0.0003955696302000433,
    "p1.0": 0.003362341783940792,
    "p5.0": 0.013647152110934258,
    "p50.0": 0.08049841970205307,
    "p95.0": 0.28045886754989624,
    "p99.0": 0.4616297483444214,
    "p99.5": 0.5979622006416321
  },
  "degraded": {
    "min": 0.03975474834442139,
    "max": 0.5261076092720032,
    "mean": 0.16668689250946045,
    "std": 0.06960322707891464,
    "p0.5": 0.05953322723507881,
    "p1.0": 0.0634889230132103,
    "p5.0": 0.07832278311252594,
    "p50.0": 0.15387658774852753,
    "p95.0": 0.29806169867515564,
    "p99.0": 0.37480220198631287,
    "p99.5": 0.4051274359226227
  }
}