{
  "epoch": 10,
  "original": {
    "min": 0.0,
    "max": 1.0,
    "mean": 0.13687622547149658,
    "std": 0.09904041886329651,
    "p0.5": 0.012460443191230297,
    "p1.0": 0.016811707988381386,
    "p5.0": 0.03342563286423683,
    "p50.0": 0.11016613990068436,
    "p95.0": 0.31329113245010376,
    "p99.0": 0.49023979902267456,
    "p99.5": 0.5861538648605347
  },
  "degraded": {
    "min": 0.05003955587744713,
    "max": 0.779469907283783,
    "mean": 0.2097751796245575,
    "std": 0.07044114917516708,
    "p0.5": 0.07852056622505188,
    "p1.0": 0.0846519023180008,
    "p5.0": 0.10265031456947327,
    "p50.0": 0.20806962251663208,
    "p95.0": 0.3219936788082123,
    "p99.0": 0.453125,
    "p99.5": 0.4990752041339874
  }
}