{
  "epoch": 9,
  "original": {
    "min": 0.005142405163496733,
    "max": 1.0,
    "mean": 0.23154908418655396,
    "std": 0.18405364453792572,
    "p0.5": 0.024723101407289505,
    "p1.0": 0.03105221502482891,
    "p5.0": 0.05280854552984238,
    "p50.0": 0.18117088079452515,
    "p95.0": 0.5959256291389465,
    "p99.0": 1.0,
    "p99.5": 1.0
  },
  "degraded": {
    "min": 0.04905063286423683,
    "max": 1.0,
    "mean": 0.3635023534297943,
    "std": 0.2638384699821472,
    "p0.5": 0.07515823096036911,
    "p1.0": 0.07891613990068436,
    "p5.0": 0.0982990488409996,
    "p50.0": 0.2549446225166321,
    "p95.0": 0.938686728477478,
    "p99.0": 1.0,
    "p99.5": 1.0
  }
}