{
  "epoch": 57,
  "original": {
    "min": 0.0,
    "max": 1.0,
    "mean": 0.08730927854776382,
    "std": 0.09515052288770676,
    "p0.5": 0.0,
    "p1.0": 0.0005933544016443193,
    "p5.0": 0.010482595302164555,
    "p50.0": 0.06388449668884277,
    "p95.0": 0.23773734271526337,
    "p99.0": 0.5066558718681335,
    "p99.5": 0.6854526400566101
  },
  "degraded": {
    "min": 0.03105221502482891,
    "max": 0.47112342715263367,
    "mean": 0.15131916105747223,
    "std": 0.06341042369604111,
    "p0.5": 0.04984177276492119,
    "p1.0": 0.05478639155626297,
    "p5.0": 0.06863132864236832,
    "p50.0": 0.14102056622505188,
    "p95.0": 0.2747231125831604,
    "p99.0": 0.32990506291389465,
    "p99.5": 0.3528481125831604
  }
}