{
  "epoch": 48,
  "original": {
    "min": 0.000988924060948193,
    "max": 1.0,
    "mean": 0.13315452635288239,
    "std": 0.08651574701070786,
    "p0.5": 0.019382910802960396,
    "p1.0": 0.02314082346856594,
    "p5.0": 0.03639240562915802,
    "p50.0": 0.11234176903963089,
    "p95.0": 0.28955695033073425,
    "p99.0": 0.44376036524772644,
    "p99.5": 0.5063291192054749
  },
  "degraded": {
    "min": 0.04252373427152634,
    "max": 1.0,
    "mean": 0.18146762251853943,
    "std": 0.08493861556053162,
    "p0.5": 0.07199367135763168,
    "p1.0": 0.07555379718542099,
    "p5.0": 0.08761867135763168,
    "p50.0": 0.16040347516536713,
    "p95.0": 0.33346518874168396,
    "p99.0": 0.4661788046360016,
    "p99.5": 0.5176669955253601
  }
}