{
  "epoch": 78,
  "original": {
    "min": 0.0,
    "max": 1.0,
    "mean": 0.12776364386081696,
    "std": 0.17022889852523804,
    "p0.5": 0.0,
    "p1.0": 0.0,
    "p5.0": 0.007911392487585545,
    "p50.0": 0.06645569950342178,
    "p95.0": 0.4895173907279968,
    "p99.0": 0.9451363682746887,
    "p99.5": 1.0
  },
  "degraded": {
    "min": 0.02037183567881584,
    "max": 0.8627373576164246,
    "mean": 0.1467135101556778,
    "std": 0.07279176265001297,
    "p0.5": 0.048061709851026535,
    "p1.0": 0.05498417839407921,
    "p5.0": 0.07298259437084198,
    "p50.0": 0.13034018874168396,
    "p95.0": 0.26344937086105347,
    "p99.0": 0.4570806920528412,
    "p99.5": 0.570277750492096
  }
}