{
  "epoch": 87,
  "original": {
    "min": 0.0,
    "max": 1.0,
    "mean": 0.18437321484088898,
    "std": 0.16959534585475922,
    "p0.5": 0.0035601265262812376,
    "p1.0": 0.008504746481776237,
    "p5.0": 0.024129746481776237,
    "p50.0": 0.12579113245010376,
    "p95.0": 0.5388152599334717,
    "p99.0": 0.7731408476829529,
    "p99.5": 0.9020965099334717
  },
  "degraded": {
    "min": 0.03896360844373703,
    "max": 1.0,
    "mean": 0.2380973994731903,
    "std": 0.21226094663143158,
    "p0.5": 0.0670490488409996,
    "p1.0": 0.07060917466878891,
    "p5.0": 0.08188290894031525,
    "p50.0": 0.13271360099315643,
    "p95.0": 0.7120253443717957,
    "p99.0": 0.9725682139396667,
    "p99.5": 1.0
  }
}