{
  "epoch": 52,
  "original": {
    "min": 0.007120253052562475,
    "max": 1.0,
    "mean": 0.2077518105506897,
    "std": 0.1637170910835266,
    "p0.5": 0.026834452524781227,
    "p1.0": 0.03184335306286812,
    "p5.0": 0.05379746854305267,
    "p50.0": 0.16139240562915802,
    "p95.0": 0.5231408476829529,
    "p99.0": 0.9392113089561462,
    "p99.5": 1.0
  },
  "degraded": {
    "min": 0.1344936639070511,
    "max": 1.0,
    "mean": 0.314368337392807,
    "std": 0.12561915814876556,
    "p0.5": 0.16844837367534637,
    "p1.0": 0.1744461953639984,
    "p5.0": 0.19343353807926178,
    "p50.0": 0.2782832384109497,
    "p95.0": 0.5803006291389465,
    "p99.0": 0.8102555871009827,
    "p99.5": 0.873813271522522
  }
}