{
  "epoch": 89,
  "original": {
    "min": 0.0,
    "max": 0.5363923907279968,
    "mean": 0.1055067926645279,
    "std": 0.0719253271818161,
    "p0.5": 0.008504746481776237,
    "p1.0": 0.012460443191230297,
    "p5.0": 0.02393196150660515,
    "p50.0": 0.08544303476810455,
    "p95.0": 0.2541534900665283,
    "p99.0": 0.3310917615890503,
    "p99.5": 0.3542326092720032
  },
  "degraded": {
    "min": 0.06507120281457901,
    "max": 0.659414529800415,
    "mean": 0.18446721136569977,
    "std": 0.07180913537740707,
    "p0.5": 0.0836629718542099,
    "p1.0": 0.08742088824510574,
    "p5.0": 0.10344145447015762,
    "p50.0": 0.16950158774852753,
    "p95.0": 0.3202136158943176,
    "p99.0": 0.43565118312835693,
    "p99.5": 0.4692097008228302
  }
}