{
  "epoch": 7,
  "original": {
    "min": 0.0,
    "max": 1.0,
    "mean": 0.17216786742210388,
    "std": 0.14701126515865326,
    "p0.5": 0.019778480753302574,
    "p1.0": 0.024525316432118416,
    "p5.0": 0.04193038120865822,
    "p50.0": 0.12737341225147247,
    "p95.0": 0.45846518874168396,
    "p99.0": 0.8258118629455566,
    "p99.5": 0.9426903128623962
  },
  "degraded": {
    "min": 0.03599683567881584,
    "max": 0.4863528609275818,
    "mean": 0.14984005689620972,
    "std": 0.06335391849279404,
    "p0.5": 0.05261075869202614,
    "p1.0": 0.05656645447015762,
    "p5.0": 0.06962025165557861,
    "p50.0": 0.13488924503326416,
    "p95.0": 0.2626582384109497,
    "p99.0": 0.3405854403972626,
    "p99.5": 0.3724288046360016
  }
}