{
  "epoch": 86,
  "original": {
    "min": 0.0,
    "max": 1.0,
    "mean": 0.10166400671005249,
    "std": 0.09412842988967896,
    "p0.5": 0.0029667720664292574,
    "p1.0": 0.006329114083200693,
    "p5.0": 0.017207277938723564,
    "p50.0": 0.07436709105968475,
    "p95.0": 0.2751186788082123,
    "p99.0": 0.41508156061172485,
    "p99.5": 0.5573413372039795
  },
  "degraded": {
    "min": 0.04964398592710495,
    "max": 0.9373022317886353,
    "mean": 0.17386271059513092,
    "std": 0.0686359703540802,
    "p0.5": 0.07179588824510574,
    "p1.0": 0.07693829387426376,
    "p5.0": 0.09592563658952713,
    "p50.0": 0.16257911920547485,
    "p95.0": 0.2943038046360016,
    "p99.0": 0.43730220198631287,
    "p99.5": 0.4858236312866211
  }
}