{
  "epoch": 18,
  "original": {
    "min": 0.0,
    "max": 0.6414161324501038,
    "mean": 0.10133686661720276,
    "std": 0.0838695541024208,
    "p0.5": 0.0,
    "p1.0": 0.0035601265262812376,
    "p5.0": 0.01582278497517109,
    "p50.0": 0.07674050331115723,
    "p95.0": 0.28560125827789307,
    "p99.0": 0.4012366235256195,
    "p99.5": 0.43875083327293396
  },
  "degraded": {
    "min": 0.04351265728473663,
    "max": 0.8981408476829529,
    "mean": 0.20652499794960022,
    "std": 0.10176463425159454,
    "p0.5": 0.0690269023180008,
    "p1.0": 0.07476265728473663,
    "p5.0": 0.09216772019863129,
    "p50.0": 0.1789952516555786,
    "p95.0": 0.39280062913894653,
    "p99.0": 0.5263053774833679,
    "p99.5": 0.575222373008728
  }
}