{
  "epoch": 17,
  "original": {
    "min": 0.000988924060948193,
    "max": 1.0,
    "mean": 0.2301664501428604,
    "std": 0.18282511830329895,
    "p0.5": 0.016218354925513268,
    "p1.0": 0.02096519060432911,
    "p5.0": 0.042919304221868515,
    "p50.0": 0.17691850662231445,
    "p95.0": 0.6337025165557861,
    "p99.0": 0.8846914768218994,
    "p99.5": 0.949629008769989
  },
  "degraded": {
    "min": 0.05992879718542099,
    "max": 1.0,
    "mean": 0.3787669539451599,
    "std": 0.2539519965648651,
    "p0.5": 0.08082970231771469,
    "p1.0": 0.08662974834442139,
    "p5.0": 0.10126582533121109,
    "p50.0": 0.33386075496673584,
    "p95.0": 0.8488923907279968,
    "p99.0": 1.0,
    "p99.5": 1.0
  }
}