{
  "epoch": 53,
  "original": {
    "min": 0.0,
    "max": 0.6958069801330566,
    "mean": 0.07331434637308121,
    "std": 0.06406357884407043,
    "p0.5": 0.0,
    "p1.0": 0.0,
    "p5.0": 0.006526898592710495,
    "p50.0": 0.05636867135763168,
    "p95.0": 0.2005538046360016,
    "p99.0": 0.31071993708610535,
    "p99.5": 0.3607594966888428
  },
  "degraded": {
    "min": 0.0423259511590004,
    "max": 0.6695016026496887,
    "mean": 0.1632055938243866,
    "std": 0.08547372370958328,
    "p0.5": 0.05893987417221069,
    "p1.0": 0.0625,
    "p5.0": 0.0745648741722107,
    "p50.0": 0.13647152483463287,
    "p95.0": 0.3427610695362091,
    "p99.0": 0.4505538046360016,
    "p99.5": 0.4787033796310425
  }
}