{
  "epoch": 39,
  "original": {
    "min": 0.0045490507036447525,
    "max": 1.0,
    "mean": 0.15491896867752075,
    "std": 0.1052071750164032,
    "p0.5": 0.021756328642368317,
    "p1.0": 0.02590980939567089,
    "p5.0": 0.03995253145694733,
    "p50.0": 0.12737341225147247,
    "p95.0": 0.354875385761261,
    "p99.0": 0.5099495053291321,
    "p99.5": 0.5770665407180786
  },
  "degraded": {
    "min": 0.05933544412255287,
    "max": 1.0,
    "mean": 0.2639006972312927,
    "std": 0.19795849919319153,
    "p0.5": 0.07871835678815842,
    "p1.0": 0.08425632864236832,
    "p5.0": 0.10047468543052673,
    "p50.0": 0.17681962251663208,
    "p95.0": 0.7061412334442139,
    "p99.0": 1.0,
    "p99.5": 1.0
  }
}