{
  "epoch": 35,
  "original": {
    "min": 0.0,
    "max": 0.8688686490058899,
    "mean": 0.14039984345436096,
    "std": 0.09346413612365723,
    "p0.5": 0.010022742673754692,
    "p1.0": 0.014833861030638218,
    "p5.0": 0.0322389230132103,
    "p50.0": 0.11768196523189545,
    "p95.0": 0.3158623278141022,
    "p99.0": 0.4741504490375519,
    "p99.5": 0.5352698564529419
  },
  "degraded": {
    "min": 0.03303006291389465,
    "max": 0.7486155033111572,
    "mean": 0.16905832290649414,
    "std": 0.09009195119142532,
    "p0.5": 0.05162183567881584,
    "p1.0": 0.05498417839407921,
    "p5.0": 0.06724683195352554,
    "p50.0": 0.14853639900684357,
    "p95.0": 0.3330696225166321,
    "p99.0": 0.45997869968414307,
    "p99.5": 0.5186558961868286
  }
}