{
  "epoch": 3,
  "original": {
    "min": 0.0,
    "max": 1.0,
    "mean": 0.18632549047470093,
    "std": 0.22468656301498413,
    "p0.5": 0.0,
    "p1.0": 0.0,
    "p5.0": 0.010087025351822376,
    "p50.0": 0.09988132864236832,
    "p95.0": 0.7353639006614685,
    "p99.0": 1.0,
    "p99.5": 1.0
  },
  "degraded": {
    "min": 0.02037183567881584,
    "max": 1.0,
    "mean": 0.24130277335643768,
    "std": 0.22247502207756042,
    "p0.5": 0.048061709851026535,
    "p1.0": 0.05537974834442139,
    "p5.0": 0.0774821937084198,
    "p50.0": 0.13647152483463287,
    "p95.0": 0.7433247566223145,
    "p99.0": 1.0,
    "p99.5": 1.0
  }
}