{
  "epoch": 34,
  "original": {
    "min": 0.0,
    "max": 1.0,
    "mean": 0.11323515325784683,
    "std": 0.15178647637367249,
    "p0.5": 0.0,
    "p1.0": 0.0,
    "p5.0": 0.007713607512414455,
    "p50.0": 0.06329113990068436,
    "p95.0": 0.43018195033073425,
    "p99.0": 0.8258118629455566,
    "p99.5": 0.9426903128623962
  },
  "degraded": {
    "min": 0.009691455401480198,
    "max": 0.6875,
    "mean": 0.14034661650657654,
    "std": 0.06448514759540558,
    "p0.5": 0.03659018874168396,
    "p1.0": 0.04153481125831604,
    "p5.0": 0.06190664693713188,
    "p50.0": 0.12321993708610535,
    "p95.0": 0.2590981125831604,
    "p99.0": 0.33735212683677673,
    "p99.5": 0.3845578134059906
  }
}