{
  "epoch": 29,
  "original": {
    "min": 0.0,
    "max": 1.0,
    "mean": 0.22927534580230713,
    "std": 0.23947115242481232,
    "p0.5": 0.0,
    "p1.0": 0.0,
    "p5.0": 0.009691455401480198,
    "p50.0": 0.13686709105968475,
    "p95.0": 0.7510383725166321,
    "p99.0": 1.0,
    "p99.5": 1.0
  },
  "degraded": {
    "min": 0.02037183567881584,
    "max": 1.0,
    "mean": 0.3444339334964752,
    "std": 0.28730475902557373,
    "p0.5": 0.048061709851026535,
    "p1.0": 0.05537974834442139,
    "p5.0": 0.07852056622505188,
    "p50.0": 0.21993671357631683,
    "p95.0": 0.9533227682113647,
    "p99.0": 1.0,
    "p99.5": 1.0
  }
}