{
  "epoch": 31,
  "original": {
    "min": 0.0,
    "max": 0.5646756291389465,
    "mean": 0.0931304544210434,
    "std": 0.06738369911909103,
    "p0.5": 0.000988924060948193,
    "p1.0": 0.0038271313533186913,
    "p5.0": 0.014636076055467129,
    "p50.0": 0.07792721688747406,
    "p95.0": 0.22943037748336792,
    "p99.0": 0.3215981125831604,
    "p99.5": 0.3635284900665283
  },
  "degraded": {
    "min": 0.04865506291389465,
    "max": 0.952531635761261,
    "mean": 0.17485709488391876,
    "std": 0.0977427214384079,
    "p0.5": 0.0715980976819992,
    "p1.0": 0.07535601407289505,
    "p5.0": 0.0872230976819992,
    "p50.0": 0.14003165066242218,
    "p95.0": 0.3844936788082123,
    "p99.0": 0.5242587327957153,
    "p99.5": 0.611155092716217
  }
}