{
  "epoch": 32,
  "original": {
    "min": 0.0,
    "max": 1.0,
    "mean": 0.13390646874904633,
    "std": 0.11402571201324463,
    "p0.5": 0.007318038027733564,
    "p1.0": 0.010878164321184158,
    "p5.0": 0.026898734271526337,
    "p50.0": 0.10799050331115723,
    "p95.0": 0.3075553774833679,
    "p99.0": 0.6637658476829529,
    "p99.5": 0.8372818231582642
  },
  "degraded": {
    "min": 0.04252373427152634,
    "max": 1.0,
    "mean": 0.21834057569503784,
    "std": 0.12676502764225006,
    "p0.5": 0.08504746854305267,
    "p1.0": 0.09236550331115723,
    "p5.0": 0.10897943377494812,
    "p50.0": 0.1780063360929489,
    "p95.0": 0.46657437086105347,
    "p99.0": 0.7105720639228821,
    "p99.5": 0.8771702647209167
  }
}