{
  "epoch": 16,
  "original": {
    "min": 0.0,
    "max": 1.0,
    "mean": 0.17854249477386475,
    "std": 0.17329494655132294,
    "p0.5": 0.010087025351822376,
    "p1.0": 0.015031646005809307,
    "p5.0": 0.03144778311252594,
    "p50.0": 0.11886867135763168,
    "p95.0": 0.5686807632446289,
    "p99.0": 0.8566060066223145,
    "p99.5": 0.9164011478424072
  },
  "degraded": {
    "min": 0.053204115480184555,
    "max": 1.0,
    "mean": 0.1895635426044464,
    "std": 0.13391980528831482,
    "p0.5": 0.07060917466878891,
    "p1.0": 0.0735759511590004,
    "p5.0": 0.08504746854305267,
    "p50.0": 0.13686709105968475,
    "p95.0": 0.46340981125831604,
    "p99.0": 0.7407041192054749,
    "p99.5": 0.9032832384109497
  }
}