{
  "epoch": 76,
  "original": {
    "min": 0.0,
    "max": 1.0,
    "mean": 0.24241262674331665,
    "std": 0.23785850405693054,
    "p0.5": 0.0021756328642368317,
    "p1.0": 0.005933544132858515,
    "p5.0": 0.02037183567881584,
    "p50.0": 0.1507120281457901,
    "p95.0": 0.7729430198669434,
    "p99.0": 1.0,
    "p99.5": 1.0
  },
  "degraded": {
    "min": 0.04469936713576317,
    "max": 0.890625,
    "mean": 0.2226792275905609,
    "std": 0.09542255848646164,
    "p0.5": 0.06507120281457901,
    "p1.0": 0.06882911175489426,
    "p5.0": 0.08425632864236832,
    "p50.0": 0.21598100662231445,
    "p95.0": 0.3856803774833679,
    "p99.0": 0.5245253443717957,
    "p99.5": 0.5920340418815613
  }
}