{
  "epoch": 19,
  "original": {
    "min": 0.009098101407289505,
    "max": 1.0,
    "mean": 0.23126503825187683,
    "std": 0.16482315957546234,
    "p0.5": 0.026700949296355247,
    "p1.0": 0.0322389230132103,
    "p5.0": 0.058544304221868515,
    "p50.0": 0.18809334933757782,
    "p95.0": 0.5646756291389465,
    "p99.0": 0.8318141102790833,
    "p99.5": 0.929652750492096
  },
  "degraded": {
    "min": 0.04469936713576317,
    "max": 1.0,
    "mean": 0.3280426859855652,
    "std": 0.2216554433107376,
    "p0.5": 0.06566455960273743,
    "p1.0": 0.06981803476810455,
    "p5.0": 0.08148734271526337,
    "p50.0": 0.24436312913894653,
    "p95.0": 0.753164529800415,
    "p99.0": 0.95562744140625,
    "p99.5": 1.0
  }
}