{
  "epoch": 75,
  "original": {
    "min": 0.0,
    "max": 1.0,
    "mean": 0.12616516649723053,
    "std": 0.11104460805654526,
    "p0.5": 0.0,
    "p1.0": 0.0,
    "p5.0": 0.013647152110934258,
    "p50.0": 0.09691455960273743,
    "p95.0": 0.3360363841056824,
    "p99.0": 0.5477263927459717,
    "p99.5": 0.645168662071228
  },
  "degraded": {
    "min": 0.02314082346856594,
    "max": 0.7369462251663208,
    "mean": 0.1722746342420578,
    "std": 0.09960443526506424,
    "p0.5": 0.03738132864236832,
    "p1.0": 0.040545884519815445,
    "p5.0": 0.05300632864236832,
    "p50.0": 0.15704113245010376,
    "p95.0": 0.36926424503326416,
    "p99.0": 0.5098204612731934,
    "p99.5": 0.5595332384109497
  }
}