{
  "epoch": 12,
  "original": {
    "min": 0.0,
    "max": 0.8144778609275818,
    "mean": 0.14140859246253967,
    "std": 0.09538155049085617,
    "p0.5": 0.01186708826571703,
    "p1.0": 0.016485359519720078,
    "p5.0": 0.0322389230132103,
    "p50.0": 0.11867088824510574,
    "p95.0": 0.31981804966926575,
    "p99.0": 0.45780307054519653,
    "p99.5": 0.5237982869148254
  },
  "degraded": {
    "min": 0.05162183567881584,
    "max": 1.0,
    "mean": 0.2163272351026535,
    "std": 0.10147402435541153,
    "p0.5": 0.07746735960245132,
    "p1.0": 0.08227848261594772,
    "p5.0": 0.10541930049657822,
    "p50.0": 0.18888449668884277,
    "p95.0": 0.43571993708610535,
    "p99.0": 0.5280166864395142,
    "p99.5": 0.5779218077659607
  }
}