{
  "epoch": 45,
  "original": {
    "min": 0.0,
    "max": 0.7642405033111572,
    "mean": 0.12765321135520935,
    "std": 0.09378267079591751,
    "p0.5": 0.0037579115014523268,
    "p1.0": 0.006922468543052673,
    "p5.0": 0.020174050703644753,
    "p50.0": 0.10462816804647446,
    "p95.0": 0.3121044337749481,
    "p99.0": 0.4194328188896179,
    "p99.5": 0.45635369420051575
  },
  "degraded": {
    "min": 0.037579115480184555,
    "max": 0.8049841523170471,
    "mean": 0.18660888075828552,
    "std": 0.09294024854898453,
    "p0.5": 0.05755538120865822,
    "p1.0": 0.0615110769867897,
    "p5.0": 0.07674050331115723,
    "p50.0": 0.1627769023180008,
    "p95.0": 0.375,
    "p99.0": 0.4859572649002075,
    "p99.5": 0.5573576092720032
  }
}