{
  "epoch": 28,
  "original": {
    "min": 0.0,
    "max": 1.0,
    "mean": 0.19020791351795197,
    "std": 0.15822938084602356,
    "p0.5": 0.017405062913894653,
    "p1.0": 0.02142997831106186,
    "p5.0": 0.03698575869202614,
    "p50.0": 0.14280062913894653,
    "p95.0": 0.4970826804637909,
    "p99.0": 0.8064976930618286,
    "p99.5": 0.9590585231781006
  },
  "degraded": {
    "min": 0.04331487417221069,
    "max": 0.9679588675498962,
    "mean": 0.18012462556362152,
    "std": 0.1107405349612236,
    "p0.5": 0.06210443004965782,
    "p1.0": 0.06645569950342178,
    "p5.0": 0.07965783774852753,
    "p50.0": 0.13172468543052673,
    "p95.0": 0.40115705132484436,
    "p99.0": 0.5060625672340393,
    "p99.5": 0.5648626089096069
  }
}