{
  "epoch": 100,
  "original": {
    "min": 0.0,
    "max": 1.0,
    "mean": 0.23221701383590698,
    "std": 0.2143857181072235,
    "p0.5": 0.0,
    "p1.0": 0.0037579115014523268,
    "p5.0": 0.018789557740092278,
    "p50.0": 0.16673259437084198,
    "p95.0": 0.731062114238739,
    "p99.0": 1.0,
    "p99.5": 1.0
  },
  "degraded": {
    "min": 0.03421677276492119,
    "max": 1.0,
    "mean": 0.29666221141815186,
    "std": 0.1498212218284607,
    "p0.5": 0.061313290148973465,
    "p1.0": 0.06724683195352554,
    "p5.0": 0.09790348261594772,
    "p50.0": 0.2681961953639984,
    "p95.0": 0.5914260149002075,
    "p99.0": 0.7339106202125549,
    "p99.5": 0.7684581279754639
  }
}