{
  "epoch": 33,
  "original": {
    "min": 0.0,
    "max": 1.0,
    "mean": 0.13380347192287445,
    "std": 0.09371289610862732,
    "p0.5": 0.009691455401480198,
    "p1.0": 0.013647152110934258,
    "p5.0": 0.029272152110934258,
    "p50.0": 0.11234176903963089,
    "p95.0": 0.2998417615890503,
    "p99.0": 0.4497626721858978,
    "p99.5": 0.5686954855918884
  },
  "degraded": {
    "min": 0.04272151738405228,
    "max": 1.0,
    "mean": 0.26277244091033936,
    "std": 0.13937316834926605,
    "p0.5": 0.07041139155626297,
    "p1.0": 0.07575158029794693,
    "p5.0": 0.09454113990068436,
    "p50.0": 0.2480221539735794,
    "p95.0": 0.4928797483444214,
    "p99.0": 0.75250244140625,
    "p99.5": 0.8844241499900818
  }
}