{
  "epoch": 64,
  "original": {
    "min": 0.0,
    "max": 1.0,
    "mean": 0.21271756291389465,
    "std": 0.22430115938186646,
    "p0.5": 0.0,
    "p1.0": 0.0015822785208001733,
    "p5.0": 0.014833861030638218,
    "p50.0": 0.12361550331115723,
    "p95.0": 0.7268591523170471,
    "p99.0": 1.0,
    "p99.5": 1.0
  },
  "degraded": {
    "min": 0.05043512582778931,
    "max": 1.0,
    "mean": 0.21585851907730103,
    "std": 0.1631632298231125,
    "p0.5": 0.06823576241731644,
    "p1.0": 0.07219145447015762,
    "p5.0": 0.08583860844373703,
    "p50.0": 0.1419106125831604,
    "p95.0": 0.5799545049667358,
    "p99.0": 0.732594907283783,
    "p99.5": 0.7672713994979858
  }
}