{
  "epoch": 42,
  "original": {
    "min": 0.0,
    "max": 0.8214003443717957,
    "mean": 0.13496564328670502,
    "std": 0.10061036050319672,
    "p0.5": 0.015229430049657822,
    "p1.0": 0.019778480753302574,
    "p5.0": 0.03382120281457901,
    "p50.0": 0.10561709105968475,
    "p95.0": 0.33742088079452515,
    "p99.0": 0.5110759735107422,
    "p99.5": 0.5849137902259827
  },
  "degraded": {
    "min": 0.04469936713576317,
    "max": 1.0,
    "mean": 0.21434752643108368,
    "std": 0.1309031993150711,
    "p0.5": 0.06507120281457901,
    "p1.0": 0.06882911175489426,
    "p5.0": 0.07950949668884277,
    "p50.0": 0.1744461953639984,
    "p95.0": 0.4475870132446289,
    "p99.0": 0.6767508387565613,
    "p99.5": 0.7368125319480896
  }
}