{
  "epoch": 54,
  "original": {
    "min": 0.0,
    "max": 1.0,
    "mean": 0.14605927467346191,
    "std": 0.10879424214363098,
    "p0.5": 0.01819620281457901,
    "p1.0": 0.022547468543052673,
    "p5.0": 0.03916139155626297,
    "p50.0": 0.12203323096036911,
    "p95.0": 0.3215981125831604,
    "p99.0": 0.605617105960846,
    "p99.5": 0.7554043531417847
  },
  "degraded": {
    "min": 0.04252373427152634,
    "max": 0.5862341523170471,
    "mean": 0.1853814721107483,
    "std": 0.08479117602109909,
    "p0.5": 0.07001582533121109,
    "p1.0": 0.07377373427152634,
    "p5.0": 0.08445411175489426,
    "p50.0": 0.16772152483463287,
    "p95.0": 0.33702531456947327,
    "p99.0": 0.4133702516555786,
    "p99.5": 0.4522002041339874
  }
}