{
  "epoch": 83,
  "original": {
    "min": 0.0,
    "max": 0.5915743708610535,
    "mean": 0.08472603559494019,
    "std": 0.07577718794345856,
    "p0.5": 0.0,
    "p1.0": 0.0,
    "p5.0": 0.008306962437927723,
    "p50.0": 0.06230221688747406,
    "p95.0": 0.24208860099315643,
    "p99.0": 0.3623417615890503,
    "p99.5": 0.40090981125831604
  },
  "degraded": {
    "min": 0.024129746481776237,
    "max": 0.9373022317886353,
    "mean": 0.1344212293624878,
    "std": 0.06233653798699379,
    "p0.5": 0.045490507036447525,
    "p1.0": 0.05023734271526337,
    "p5.0": 0.06566455960273743,
    "p50.0": 0.11708860844373703,
    "p95.0": 0.24030853807926178,
    "p99.0": 0.3392009437084198,
    "p99.5": 0.3953664302825928
  }
}