{
  "epoch": 74,
  "original": {
    "min": 0.0,
    "max": 1.0,
    "mean": 0.11050181090831757,
    "std": 0.09822840243577957,
    "p0.5": 0.006724683567881584,
    "p1.0": 0.010284810326993465,
    "p5.0": 0.022151898592710495,
    "p50.0": 0.08346518874168396,
    "p95.0": 0.27492088079452515,
    "p99.0": 0.4909018874168396,
    "p99.5": 0.6328418850898743
  },
  "degraded": {
    "min": 0.05913765728473663,
    "max": 0.4691455662250519,
    "mean": 0.17717769742012024,
    "std": 0.052705444395542145,
    "p0.5": 0.08603639155626297,
    "p1.0": 0.09058544039726257,
    "p5.0": 0.1083860769867897,
    "p50.0": 0.16910600662231445,
    "p95.0": 0.2767009437084198,
    "p99.0": 0.3301028609275818,
    "p99.5": 0.35106804966926575
  }
}