{
  "epoch": 1,
  "original": {
    "min": 0.0,
    "max": 0.4914952516555786,
    "mean": 0.08499719202518463,
    "std": 0.06725618988275528,
    "p0.5": 0.0,
    "p1.0": 0.0,
    "p5.0": 0.008900316432118416,
    "p50.0": 0.0680379718542099,
    "p95.0": 0.21637658774852753,
    "p99.0": 0.3114423155784607,
    "p99.5": 0.35746127367019653
  },
  "degraded": {
    "min": 0.02650316432118416,
    "max": 1.0,
    "mean": 0.1829180270433426,
    "std": 0.13482074439525604,
    "p0.5": 0.050632912665605545,
    "p1.0": 0.05518196150660515,
    "p5.0": 0.06843354552984238,
    "p50.0": 0.1325158178806305,
    "p95.0": 0.459058552980423,
    "p99.0": 0.7039161324501038,
    "p99.5": 0.8702531456947327
  }
}