{
  "epoch": 71,
  "original": {
    "min": 0.0,
    "max": 1.0,
    "mean": 0.19268788397312164,
    "std": 0.13032416999340057,
    "p0.5": 0.01819620281457901,
    "p1.0": 0.024525316432118416,
    "p5.0": 0.048061709851026535,
    "p50.0": 0.16257911920547485,
    "p95.0": 0.43834057450294495,
    "p99.0": 0.6749707460403442,
    "p99.5": 0.7405704855918884
  },
  "degraded": {
    "min": 0.06685126572847366,
    "max": 1.0,
    "mean": 0.328053742647171,
    "std": 0.18108968436717987,
    "p0.5": 0.09671676903963089,
    "p1.0": 0.10370846092700958,
    "p5.0": 0.13528481125831604,
    "p50.0": 0.27452531456947327,
    "p95.0": 0.7120253443717957,
    "p99.0": 0.9725682139396667,
    "p99.5": 1.0
  }
}