{
  "epoch": 40,
  "original": {
    "min": 0.0,
    "max": 1.0,
    "mean": 0.10368391871452332,
    "std": 0.12258314341306686,
    "p0.5": 0.0,
    "p1.0": 0.0,
    "p5.0": 0.0035601265262812376,
    "p50.0": 0.06962025165557861,
    "p95.0": 0.28303006291389465,
    "p99.0": 0.7125498652458191,
    "p99.5": 0.8640522956848145
  },
  "degraded": {
    "min": 0.024129746481776237,
    "max": 0.4944620132446289,
    "mean": 0.1429317444562912,
    "std": 0.061706800013780594,
    "p0.5": 0.04727056995034218,
    "p1.0": 0.05261075869202614,
    "p5.0": 0.06744462251663208,
    "p50.0": 0.1240110769867897,
    "p95.0": 0.2551423907279968,
    "p99.0": 0.31520023941993713,
    "p99.5": 0.3442097008228302
  }
}