{
  "epoch": 24,
  "original": {
    "min": 0.0,
    "max": 1.0,
    "mean": 0.14312109351158142,
    "std": 0.14674903452396393,
    "p0.5": 0.0,
    "p1.0": 0.0,
    "p5.0": 0.0075158230029046535,
    "p50.0": 0.0992879718542099,
    "p95.0": 0.46207475662231445,
    "p99.0": 0.6805775165557861,
    "p99.5": 0.7863174676895142
  },
  "degraded": {
    "min": 0.009691455401480198,
    "max": 0.6342958807945251,
    "mean": 0.15854491293430328,
    "std": 0.0623413510620594,
    "p0.5": 0.03659018874168396,
    "p1.0": 0.04153481125831604,
    "p5.0": 0.0634889230132103,
    "p50.0": 0.15625,
    "p95.0": 0.2676028609275818,
    "p99.0": 0.3249604403972626,
    "p99.5": 0.3447389304637909
  }
}