{
  "epoch": 46,
  "original": {
    "min": 0.0,
    "max": 1.0,
    "mean": 0.18513734638690948,
    "std": 0.17026416957378387,
    "p0.5": 0.014636076055467129,
    "p1.0": 0.0183939877897501,
    "p5.0": 0.03362341597676277,
    "p50.0": 0.13073575496673584,
    "p95.0": 0.5219541192054749,
    "p99.0": 0.9332777261734009,
    "p99.5": 1.0
  },
  "degraded": {
    "min": 0.05280854552984238,
    "max": 1.0,
    "mean": 0.2196216881275177,
    "std": 0.1287432163953781,
    "p0.5": 0.07950949668884277,
    "p1.0": 0.08544303476810455,
    "p5.0": 0.10067246854305267,
    "p50.0": 0.18215981125831604,
    "p95.0": 0.47765031456947327,
    "p99.0": 0.731210470199585,
    "p99.5": 0.8348975777626038
  }
}