{
  "epoch": 65,
  "original": {
    "min": 0.0,
    "max": 0.8538370132446289,
    "mean": 0.13827365636825562,
    "std": 0.11516693979501724,
    "p0.5": 0.000988924060948193,
    "p1.0": 0.004351265728473663,
    "p5.0": 0.015031646005809307,
    "p50.0": 0.10561709105968475,
    "p95.0": 0.35719937086105347,
    "p99.0": 0.5392903685569763,
    "p99.5": 0.6211084127426147
  },
  "degraded": {
    "min": 0.03481012582778931,
    "max": 1.0,
    "mean": 0.2299768626689911,
    "std": 0.1532471626996994,
    "p0.5": 0.05992879718542099,
    "p1.0": 0.06388449668884277,
    "p5.0": 0.0761471539735794,
    "p50.0": 0.18631328642368317,
    "p95.0": 0.5405458807945251,
    "p99.0": 0.6997626423835754,
    "p99.5": 0.7899525165557861
  }
}