{
  "epoch": 91,
  "original": {
    "min": 0.0,
    "max": 1.0,
    "mean": 0.17923176288604736,
    "std": 0.14254333078861237,
    "p0.5": 0.007120253052562475,
    "p1.0": 0.013449367135763168,
    "p5.0": 0.03382120281457901,
    "p50.0": 0.1422072798013687,
    "p95.0": 0.45747625827789307,
    "p99.0": 0.7178900837898254,
    "p99.5": 0.8619462251663208
  },
  "degraded": {
    "min": 0.04331487417221069,
    "max": 1.0,
    "mean": 0.19684681296348572,
    "std": 0.15016379952430725,
    "p0.5": 0.06045786663889885,
    "p1.0": 0.06368670612573624,
    "p5.0": 0.07491099834442139,
    "p50.0": 0.1315269023180008,
    "p95.0": 0.4827927350997925,
    "p99.0": 0.7495874166488647,
    "p99.5": 0.8844241499900818
  }
}