{
  "epoch": 84,
  "original": {
    "min": 0.0,
    "max": 1.0,
    "mean": 0.27719515562057495,
    "std": 0.23996639251708984,
    "p0.5": 0.014176223427057266,
    "p1.0": 0.020174050703644753,
    "p5.0": 0.03995253145694733,
    "p50.0": 0.1875,
    "p95.0": 0.8042919039726257,
    "p99.0": 1.0,
    "p99.5": 1.0
  },
  "degraded": {
    "min": 0.03896360844373703,
    "max": 0.8221914768218994,
    "mean": 0.1983984112739563,
    "std": 0.08223707228899002,
    "p0.5": 0.06724683195352554,
    "p1.0": 0.07199367135763168,
    "p5.0": 0.08781645447015762,
    "p50.0": 0.18987341225147247,
    "p95.0": 0.3421677350997925,
    "p99.0": 0.4391425549983978,
    "p99.5": 0.49378833174705505
  }
}