{
  "epoch": 49,
  "original": {
    "min": 0.0,
    "max": 0.8688686490058899,
    "mean": 0.1219714805483818,
    "std": 0.0854790061712265,
    "p0.5": 0.02056962065398693,
    "p1.0": 0.024990106001496315,
    "p5.0": 0.03856803849339485,
    "p50.0": 0.10205696523189545,
    "p95.0": 0.2848101258277893,
    "p99.0": 0.471845805644989,
    "p99.5": 0.5346710681915283
  },
  "degraded": {
    "min": 0.03303006291389465,
    "max": 0.9373022317886353,
    "mean": 0.17790433764457703,
    "std": 0.08302699774503708,
    "p0.5": 0.05234869197010994,
    "p1.0": 0.055775318294763565,
    "p5.0": 0.0690269023180008,
    "p50.0": 0.17147943377494812,
    "p95.0": 0.3271360695362091,
    "p99.0": 0.4182461202144623,
    "p99.5": 0.46235135197639465
  }
}