{
  "epoch": 82,
  "original": {
    "min": 0.0,
    "max": 1.0,
    "mean": 0.12518106400966644,
    "std": 0.1199197992682457,
    "p0.5": 0.00725375534966588,
    "p1.0": 0.010878164321184158,
    "p5.0": 0.022547468543052673,
    "p50.0": 0.09770569950342178,
    "p95.0": 0.3037974536418915,
    "p99.0": 0.7126186490058899,
    "p99.5": 0.8640522956848145
  },
  "degraded": {
    "min": 0.030063292011618614,
    "max": 0.4944620132446289,
    "mean": 0.1550050526857376,
    "std": 0.060690343379974365,
    "p0.5": 0.05755538120865822,
    "p1.0": 0.061115507036447525,
    "p5.0": 0.07298259437084198,
    "p50.0": 0.1477452516555786,
    "p95.0": 0.2622626721858978,
    "p99.0": 0.32278481125831604,
    "p99.5": 0.3479034900665283
  }
}