{
  "epoch": 85,
  "original": {
    "min": 0.0,
    "max": 0.7642405033111572,
    "mean": 0.13071922957897186,
    "std": 0.08039882779121399,
    "p0.5": 0.007911392487585545,
    "p1.0": 0.011669304221868515,
    "p5.0": 0.02551424130797386,
    "p50.0": 0.1159019023180008,
    "p95.0": 0.2818928062915802,
    "p99.0": 0.37770023941993713,
    "p99.5": 0.41554588079452515
  },
  "degraded": {
    "min": 0.04173259437084198,
    "max": 0.6226266026496887,
    "mean": 0.1973535120487213,
    "std": 0.07191545516252518,
    "p0.5": 0.06487341970205307,
    "p1.0": 0.07028282433748245,
    "p5.0": 0.08860759437084198,
    "p50.0": 0.18987341225147247,
    "p95.0": 0.32891613245010376,
    "p99.0": 0.406843364238739,
    "p99.5": 0.43617963790893555
  }
}