{
  "epoch": 37,
  "original": {
    "min": 0.0,
    "max": 1.0,
    "mean": 0.17461852729320526,
    "std": 0.16116851568222046,
    "p0.5": 0.0,
    "p1.0": 0.0,
    "p5.0": 0.016613924875855446,
    "p50.0": 0.125,
    "p95.0": 0.5025712251663208,
    "p99.0": 0.7671384811401367,
    "p99.5": 0.8487587571144104
  },
  "degraded": {
    "min": 0.024723101407289505,
    "max": 0.9677610993385315,
    "mean": 0.22006282210350037,
    "std": 0.12256360054016113,
    "p0.5": 0.04924841597676277,
    "p1.0": 0.05439082160592079,
    "p5.0": 0.07080696523189545,
    "p50.0": 0.1991693079471588,
    "p95.0": 0.41653481125831604,
    "p99.0": 0.5640134811401367,
    "p99.5": 0.6548601388931274
  }
}