{
  "epoch": 51,
  "original": {
    "min": 0.0,
    "max": 0.8144778609275818,
    "mean": 0.09049065411090851,
    "std": 0.07967300713062286,
    "p0.5": 0.0,
    "p1.0": 0.0,
    "p5.0": 0.0049446201883256435,
    "p50.0": 0.07120253145694733,
    "p95.0": 0.2464398741722107,
    "p99.0": 0.3926028609275818,
    "p99.5": 0.4722405970096588
  },
  "degraded": {
    "min": 0.024129746481776237,
    "max": 0.5488528609275818,
    "mean": 0.16956689953804016,
    "std": 0.06915663927793503,
    "p0.5": 0.04766613990068436,
    "p1.0": 0.053401898592710495,
    "p5.0": 0.07377373427152634,
    "p50.0": 0.15941455960273743,
    "p95.0": 0.3024129867553711,
    "p99.0": 0.37737342715263367,
    "p99.5": 0.40625
  }
}