{
  "epoch": 11,
  "original": {
    "min": 0.0,
    "max": 1.0,
    "mean": 0.3302799463272095,
    "std": 0.29818907380104065,
    "p0.5": 0.007713607512414455,
    "p1.0": 0.011273734271526337,
    "p5.0": 0.02373417653143406,
    "p50.0": 0.24070411920547485,
    "p95.0": 0.9945114850997925,
    "p99.0": 1.0,
    "p99.5": 1.0
  },
  "degraded": {
    "min": 0.04173259437084198,
    "max": 1.0,
    "mean": 0.29862120747566223,
    "std": 0.23659075796604156,
    "p0.5": 0.06467563658952713,
    "p1.0": 0.06981803476810455,
    "p5.0": 0.08524525165557861,
    "p50.0": 0.1956091821193695,
    "p95.0": 0.8439477682113647,
    "p99.0": 1.0,
    "p99.5": 1.0
  }
}