{
  "epoch": 30,
  "original": {
    "min": 0.0,
    "max": 0.8690664768218994,
    "mean": 0.1508425772190094,
    "std": 0.12355759739875793,
    "p0.5": 0.0,
    "p1.0": 0.0,
    "p5.0": 0.006131329108029604,
    "p50.0": 0.12203323096036911,
    "p95.0": 0.400316447019577,
    "p99.0": 0.5864319801330566,
    "p99.5": 0.6493275165557861
  },
  "degraded": {
    "min": 0.024129746481776237,
    "max": 1.0,
    "mean": 0.2434421181678772,
    "std": 0.17346981167793274,
    "p0.5": 0.04766613990068436,
    "p1.0": 0.053401898592710495,
    "p5.0": 0.07594936341047287,
    "p50.0": 0.17820411920547485,
    "p95.0": 0.6190664768218994,
    "p99.0": 0.8589022159576416,
    "p99.5": 0.9604376554489136
  }
}