{
  "epoch": 81,
  "original": {
    "min": 0.0,
    "max": 1.0,
    "mean": 0.17988373339176178,
    "std": 0.18023420870304108,
    "p0.5": 0.005142405163496733,
    "p1.0": 0.008306962437927723,
    "p5.0": 0.021756328642368317,
    "p50.0": 0.11095727980136871,
    "p95.0": 0.5625,
    "p99.0": 0.8583173155784607,
    "p99.5": 0.9703963994979858
  },
  "degraded": {
    "min": 0.03540348261594772,
    "max": 0.5654667615890503,
    "mean": 0.11865726113319397,
    "std": 0.04559895396232605,
    "p0.5": 0.05729331076145172,
    "p1.0": 0.06091772019863129,
    "p5.0": 0.07199367135763168,
    "p50.0": 0.1073971539735794,
    "p95.0": 0.21538765728473663,
    "p99.0": 0.28849929571151733,
    "p99.5": 0.3144778609275818
  }
}