{
  "epoch": 73,
  "original": {
    "min": 0.0,
    "max": 0.9438291192054749,
    "mean": 0.12644356489181519,
    "std": 0.10366465151309967,
    "p0.5": 0.0031645570416003466,
    "p1.0": 0.007318038027733564,
    "p5.0": 0.0211629755795002,
    "p50.0": 0.09612341970205307,
    "p95.0": 0.33544304966926575,
    "p99.0": 0.4703322649002075,
    "p99.5": 0.5358631610870361
  },
  "degraded": {
    "min": 0.05201740562915802,
    "max": 0.6283623576164246,
    "mean": 0.18256758153438568,
    "std": 0.10374529659748077,
    "p0.5": 0.06843354552984238,
    "p1.0": 0.07140031456947327,
    "p5.0": 0.08287183195352554,
    "p50.0": 0.13884493708610535,
    "p95.0": 0.40625,
    "p99.0": 0.47705695033073425,
    "p99.5": 0.5038220286369324
  }
}