{
  "epoch": 47,
  "original": {
    "min": 0.0,
    "max": 1.0,
    "mean": 0.18097394704818726,
    "std": 0.1796039342880249,
    "p0.5": 0.01186708826571703,
    "p1.0": 0.016218354925513268,
    "p5.0": 0.029667722061276436,
    "p50.0": 0.10799050331115723,
    "p95.0": 0.5757516026496887,
    "p99.0": 0.8346518874168396,
    "p99.5": 0.9347897171974182
  },
  "degraded": {
    "min": 0.03560126572847366,
    "max": 1.0,
    "mean": 0.2370322346687317,
    "std": 0.2255493849515915,
    "p0.5": 0.05518196150660515,
    "p1.0": 0.05992879718542099,
    "p5.0": 0.0725870281457901,
    "p50.0": 0.1184730976819992,
    "p95.0": 0.7418908476829529,
    "p99.0": 0.9477159976959229,
    "p99.5": 1.0
  }
}