{
  "epoch": 67,
  "original": {
    "min": 0.0,
    "max": 1.0,
    "mean": 0.1725986748933792,
    "std": 0.16139432787895203,
    "p0.5": 0.013449367135763168,
    "p1.0": 0.017207277938723564,
    "p5.0": 0.030063292011618614,
    "p50.0": 0.12737341225147247,
    "p95.0": 0.4911491274833679,
    "p99.0": 0.8848204612731934,
    "p99.5": 1.0
  },
  "degraded": {
    "min": 0.03995253145694733,
    "max": 0.9677610993385315,
    "mean": 0.1987481415271759,
    "std": 0.10124772042036057,
    "p0.5": 0.07001582533121109,
    "p1.0": 0.07416930049657822,
    "p5.0": 0.08702531456947327,
    "p50.0": 0.1875,
    "p95.0": 0.37064874172210693,
    "p99.0": 0.5292033553123474,
    "p99.5": 0.6481408476829529
  }
}