{
  "epoch": 8,
  "original": {
    "min": 0.0007911392604000866,
    "max": 1.0,
    "mean": 0.24104434251785278,
    "std": 0.22150331735610962,
    "p0.5": 0.01602056995034218,
    "p1.0": 0.019778480753302574,
    "p5.0": 0.035205695778131485,
    "p50.0": 0.15842562913894653,
    "p95.0": 0.7329905033111572,
    "p99.0": 1.0,
    "p99.5": 1.0
  },
  "degraded": {
    "min": 0.05201740562915802,
    "max": 0.8221914768218994,
    "mean": 0.17916779220104218,
    "std": 0.070896677672863,
    "p0.5": 0.06922468543052673,
    "p1.0": 0.07238923758268356,
    "p5.0": 0.08880537748336792,
    "p50.0": 0.1708860695362091,
    "p95.0": 0.30577531456947327,
    "p99.0": 0.4239818751811981,
    "p99.5": 0.4887849986553192
  }
}