{
  "epoch": 95,
  "original": {
    "min": 0.002768987324088812,
    "max": 1.0,
    "mean": 0.19007888436317444,
    "std": 0.16410037875175476,
    "p0.5": 0.021756328642368317,
    "p1.0": 0.02551424130797386,
    "p5.0": 0.03738132864236832,
    "p50.0": 0.13518592715263367,
    "p95.0": 0.5286787748336792,
    "p99.0": 0.8291139006614685,
    "p99.5": 0.9208860993385315
  },
  "degraded": {
    "min": 0.07080696523189545,
    "max": 1.0,
    "mean": 0.2828525900840759,
    "std": 0.1702711433172226,
    "p0.5": 0.09632120281457901,
    "p1.0": 0.10205696523189545,
    "p5.0": 0.11629746854305267,
    "p50.0": 0.22646360099315643,
    "p95.0": 0.6537282466888428,
    "p99.0": 0.9071701169013977,
    "p99.5": 0.9893837571144104
  }
}